{"cameraMode":{"drawMode":0,"name":"Shaded","section":"Shading Mode"},"sceneLighting":false,"audioPlay":false,"sceneViewState":{"showFog":true,"showMaterialUpdate":false,"showSkybox":false,"showFlares":true,"showImageEffects":true,"showParticleSystems":true},"in2DMode":false,"pivot":{"x":0.6105566024780273,"y":-1.1531682014465333,"z":0.009862899780273438},"rotation":{"x":0.16900292038917542,"y":0.3859499394893646,"z":-0.0721503347158432,"w":0.9040336012840271},"size":52.74021530151367,"orthographic":false}