{"cameraMode":{"drawMode":0,"name":"Shaded","section":"Shading Mode"},"sceneLighting":true,"audioPlay":false,"sceneViewState":{"showFog":true,"showMaterialUpdate":false,"showSkybox":false,"showFlares":true,"showImageEffects":true,"showParticleSystems":true},"in2DMode":false,"pivot":{"x":-5.570715427398682,"y":-2.1043920516967775,"z":1.3469858169555665},"rotation":{"x":-0.01903938688337803,"y":0.8888350129127502,"z":-0.4563276767730713,"w":-0.03708508983254433},"size":22.0,"orthographic":false}