{"cameraMode":{"drawMode":0,"name":"Shaded","section":"Shading Mode"},"sceneLighting":false,"audioPlay":false,"sceneViewState":{"showFog":true,"showMaterialUpdate":false,"showSkybox":false,"showFlares":true,"showImageEffects":true,"showParticleSystems":true},"in2DMode":false,"pivot":{"x":0.00001947954297065735,"y":0.03846524655818939,"z":0.0010343287140130997},"rotation":{"x":0.05096668004989624,"y":0.4891742765903473,"z":-0.028649436309933664,"w":0.8702296614646912},"size":0.2295244336128235,"orthographic":false}