{"cameraMode":{"drawMode":0,"name":"Shaded","section":"Shading Mode"},"sceneLighting":false,"audioPlay":false,"sceneViewState":{"showFog":true,"showMaterialUpdate":false,"showSkybox":false,"showFlares":true,"showImageEffects":true,"showParticleSystems":true},"in2DMode":false,"pivot":{"x":0.0,"y":-0.04169483110308647,"z":-0.023713508620858194},"rotation":{"x":0.05096668004989624,"y":0.4891742765903473,"z":-0.028649436309933664,"w":0.8702296614646912},"size":0.31506016850471499,"orthographic":false}