{"cameraMode":{"drawMode":0,"name":"Shaded","section":"Shading Mode"},"sceneLighting":false,"audioPlay":false,"sceneViewState":{"showFog":true,"showMaterialUpdate":false,"showSkybox":false,"showFlares":true,"showImageEffects":true,"showParticleSystems":true},"in2DMode":false,"pivot":{"x":0.0,"y":-0.04169483110308647,"z":-0.023713508620858194},"rotation":{"x":0.17489363253116609,"y":0.8249713778495789,"z":-0.3716893494129181,"w":0.3881801664829254},"size":0.31506016850471499,"orthographic":false}